{
  "rustchain_entropy": {
    "version": 1,
    "platform": "linux",
    "collector": "entropy_collector_linux.py",
    "timestamp": "2025-11-28T19:04:48Z"
  },
  "proof_of_antiquity": {
    "philosophy": "Every vintage computer has historical potential",
    "consensus": "NOT Proof of Work - This is PROOF OF ANTIQUITY",
    "hardware_verified": true,
    "tier": "modern",
    "multiplier": 1.0
  },
  "entropy_proof": {
    "sha256_hash": "2c970c4879996ec5ee22f99775fd52ff23ce4a7dfc9e33521d6e503ba054f0ff",
    "deep_fingerprint": "0610d2b183edbdbe40d6457768d0cf02591627140566bb9d2168ac7e5a234997",
    "signature": "LINUX-X86_64-ENTROPY-0610d2b183edbdbe-1764356688-D10",
    "entropy_sources": 10,
    "sources": [
      "cpu_identification",
      "cpu_microcode",
      "memory_configuration",
      "disk_serial",
      "mac_addresses",
      "motherboard_serial",
      "system_uuid",
      "gpu_identification",
      "timing_entropy",
      "thermal_sensors",
      "kernel_random",
      "machine_id"
    ]
  },
  "hardware_profile": {
    "hostname": "sophia5070node-A620I-AX",
    "kernel": "6.14.0-33-generic",
    "os": "PRETTY_NAME=\"Ubuntu 24.04.2 LTS\"",
    "architecture": "x86_64",
    "cpu": {
      "model": "AMD Ryzen 5 9600X 6-Core Processor",
      "vendor": "AuthenticAMD",
      "family": "26",
      "stepping": "0",
      "cores": 12,
      "threads": 12,
      "frequency_mhz": 3007.0,
      "microcode": "0xb40401a"
    },
    "cache": {
      "l1d_kb": 48,
      "l1i_kb": 32,
      "l2_kb": 1024,
      "l3_kb": 32768
    },
    "memory": {
      "total_mb": 31198,
      "type": "Unknown",
      "swap_mb": 8191
    },
    "storage": {
      "model": "Samsung SSD 990 EVO 1TB",
      "serial": "S7M3NL0Y414835V",
      "size_gb": 1000.2,
      "wwn": "",
      "root_uuid": "edb712e4-7394-4780-9b75-3002bfa22902"
    },
    "network": {
      "mac_addresses": [
        "10:ff:e0:c7:a0:99",
        "96:7e:d1:f9:9f:39",
        "b6:ee:c1:8b:bf:39",
        "de:ad:a8:36:af:04",
        "58:10:31:e7:6f:02",
        "a6:62:ce:36:d8:f2"
      ]
    },
    "motherboard": {
      "vendor": "Gigabyte Technology Co., Ltd.",
      "name": "A620I AX",
      "serial": ""
    },
    "bios": {
      "vendor": "American Megatrends International, LLC.",
      "version": "F31",
      "date": "08/14/2024"
    },
    "system": {
      "uuid": "",
      "product": "A620I AX",
      "machine_id": "9e2b4073fd8e499b924e0434c0caea21"
    },
    "gpu": {
      "model": "NVIDIA Corporation Device 2f04 (rev a1)",
      "driver": "nvidia"
    },
    "thermal": {
      "acpitz": 16.8,
      "gigabyte_wmi_temp6_input": 49.0,
      "gigabyte_wmi_temp3_input": 95.0,
      "gigabyte_wmi_temp4_input": 49.0,
      "gigabyte_wmi_temp1_input": 44.0,
      "gigabyte_wmi_temp5_input": 51.0,
      "gigabyte_wmi_temp2_input": 54.0,
      "nvme_temp3_input": 49.85,
      "nvme_temp1_input": 49.85,
      "nvme_temp2_input": 70.85,
      "acpitz_temp1_input": 16.8,
      "amdgpu_temp1_input": 62.0,
      "k10temp_temp1_input": 95.25,
      "r8169_0_600:00_temp1_input": 46.5
    }
  }
}