{
  "rustchain_entropy": {
    "version": 1,
    "platform": "macos_intel",
    "collector": "entropy_collector_macos_intel.c",
    "timestamp": "2025-11-28T19:34:09Z"
  },
  "proof_of_antiquity": {
    "philosophy": "Every vintage computer has historical potential",
    "consensus": "NOT Proof of Work - This is PROOF OF ANTIQUITY",
    "hardware_verified": true,
    "tier": "retro",
    "multiplier": 1.5
  },
  "entropy_proof": {
    "sha256_hash": "632f7f64c8306f39f01c1cfeea9a0f86d444c46d910b53c06df6bb1b524f8c05",
    "deep_fingerprint": "d4b5f4c2b15a6affca106e699a8ddfb5ef87b0d7f3a27d94cd60be0af840539b2c2f29f6acab44d3756377c683347ab6adb32a0317c666e4f8352afb18fc17a4",
    "signature": "MACINTEL-d4b5f4c2b15a6aff-3267132372844614-D10",
    "entropy_sources": 10,
    "sources": [
      "timing_entropy",
      "memory_access_patterns",
      "cpu_identification",
      "system_serial",
      "hardware_uuid",
      "gpu_identification",
      "storage_serial",
      "mac_addresses",
      "memory_configuration",
      "os_fingerprint"
    ]
  },
  "hardware_profile": {
    "hostname": "Sophias-Mac-Trashcan.local",
    "serial_number": "F5KXX004F694",
    "hardware_uuid": "0B239778-6052-5F99-8018-FACB0CA52239",
    "model_identifier": "MacPro6,1",
    "boot_rom": "",
    "smc_version": "2.20f18",
    "cpu": {
      "model": "Intel(R) Xeon(R) CPU E5-1650 v2 @ 3.50GHz",
      "vendor": "GenuineIntel",
      "frequency_mhz": 0,
      "cores": 6,
      "threads": 12,
      "l1_cache_kb": 0,
      "l2_cache_kb": 0,
      "l3_cache_kb": 0
    },
    "memory": {
      "total_mb": 16384,
      "type": "DDR3 ECC"
    },
    "gpu": {
      "model": "AMD FirePro D500",
      "vendor": "AMD (0x1002)",
      "vram_mb": 3,
      "device_id": "0x679e"
    },
    "storage": {
      "model": "APPLE SSD SM1024G                       ",
      "serial": "S218NY0HB02393      ",
      "size_gb": 1.00,
      "interface": "SATA"
    },
    "network": {
      "mac_addresses": "00:3e:e1:cf:2f:f7,autoselect,00:3e:e1:cf:2f:f6,10:94:bb:f2:a2:e6,82:0e:06:ee:3a:40"
    },
    "os": {
      "version": "macOS 12.7.6",
      "darwin": "21.6.0"
    },
    "thermal": {
      "sensor_count": 0
    }
  }
}
