﻿{
    "entropy_proof":  {
                          "deep_fingerprint":  "9907619a833f7a4efad5eeb91fbf31e02e5c6e5fb60c3606268304fbec54f351",
                          "signature":  "WINDOWS-64-BIT-ENTROPY-9907619a833f7a4e-1764334780-D12",
                          "multiplier":  1,
                          "tier":  "modern",
                          "entropy_sources":  12,
                          "hardware_verified":  true,
                          "sha256_hash":  "f5add7a287fa1fae0560af1a60824745ab2fbb2af02124d155c6a1e445edf9ce"
                      },
    "proof_of_antiquity":  {
                               "hardware_verified":  true,
                               "multiplier":  1,
                               "philosophy":  "Every vintage computer has historical potential",
                               "tier":  "modern",
                               "consensus":  "NOT Proof of Work - This is PROOF OF ANTIQUITY"
                           },
    "rustchain_entropy":  {
                              "timestamp":  "2025-11-28T18:59:37Z",
                              "platform":  "windows",
                              "version":  1,
                              "collector":  "entropy_collector_windows.ps1"
                          },
    "hardware_profile":  {
                             "os":  {
                                        "architecture":  "64-bit",
                                        "name":  "Microsoft Windows 10 Home",
                                        "version":  "10.0.19045",
                                        "build":  "19045"
                                    },
                             "bios":  {
                                          "serial":  "PF29M8C5",
                                          "manufacturer":  "LENOVO",
                                          "version":  "EUCN37WW",
                                          "release_date":  "\/Date(1649894400000)\/"
                                      },
                             "gpu":  {
                                         "count":  2,
                                         "adapters":  [
                                                          {
                                                              "name":  "NVIDIA GeForce GTX 1650 Ti",
                                                              "adapter_ram_mb":  4095,
                                                              "video_processor":  "NVIDIA GeForce GTX 1650 Ti",
                                                              "pnp_device_id":  "PCI\\VEN_10DE\u0026DEV_1F95\u0026SUBSYS_3A3E17AA\u0026REV_A1\\4\u00261EAB608C\u00260\u00260009",
                                                              "driver_date":  "\/Date(1733184000000)\/",
                                                              "driver_version":  "32.0.15.6636"
                                                          },
                                                          {
                                                              "name":  "AMD Radeon(TM) Graphics",
                                                              "adapter_ram_mb":  512,
                                                              "video_processor":  "AMD Radeon Graphics Processor (0x1636)",
                                                              "pnp_device_id":  "PCI\\VEN_1002\u0026DEV_1636\u0026SUBSYS_3A3E17AA\u0026REV_C7\\4\u00261185D5E4\u00260\u00260041",
                                                              "driver_date":  "\/Date(1601337600000)\/",
                                                              "driver_version":  "27.20.11028.5001"
                                                          }
                                                      ]
                                     },
                             "memory":  {
                                            "total_gb":  24,
                                            "dimm_count":  2,
                                            "dimms":  [
                                                          {
                                                              "serial":  "02025C8E",
                                                              "manufacturer":  "Unknown",
                                                              "size_gb":  8,
                                                              "part_number":  "TEAMGROUP-SD4-3200  ",
                                                              "speed_mhz":  3200
                                                          },
                                                          {
                                                              "serial":  "00000000",
                                                              "manufacturer":  "Unknown",
                                                              "size_gb":  16,
                                                              "part_number":  "CMSX16GX4M1A3200C22 ",
                                                              "speed_mhz":  3200
                                                          }
                                                      ]
                                        },
                             "tpm":  {
                                         "spec_version":  "2.0, 0, 1.38",
                                         "manufacturer_id":  1095582720,
                                         "manufacturer_version":  "3.47.0.5",
                                         "present":  true
                                     },
                             "motherboard":  {
                                                 "serial":  "PF29M8C5",
                                                 "manufacturer":  "LENOVO",
                                                 "version":  "SDK0J40709 WIN",
                                                 "product":  "LNVNB161216"
                                             },
                             "system":  {
                                            "manufacturer":  "LENOVO",
                                            "product_name":  "82B5",
                                            "model":  "82B5",
                                            "system_type":  "x64-based PC",
                                            "uuid":  "3FFD0B7D-8D28-11EA-80DD-002B674B003E",
                                            "vendor":  "LENOVO"
                                        },
                             "timing":  {
                                            "tick_frequency":  10000000,
                                            "samples":  [
                                                            124977,
                                                            1851,
                                                            493,
                                                            344,
                                                            331,
                                                            318,
                                                            308,
                                                            323,
                                                            322,
                                                            330,
                                                            349,
                                                            376,
                                                            313,
                                                            337,
                                                            310,
                                                            304,
                                                            355,
                                                            321,
                                                            309,
                                                            297,
                                                            477,
                                                            468,
                                                            590,
                                                            458,
                                                            319,
                                                            313,
                                                            291,
                                                            291,
                                                            311,
                                                            309,
                                                            320,
                                                            303
                                                        ]
                                        },
                             "hostname":  "LAPTOP-E94RG32C",
                             "storage":  {
                                             "disk_count":  2,
                                             "disks":  [
                                                           {
                                                               "media_type":  "Fixed hard disk media",
                                                               "interface":  "SCSI",
                                                               "serial":  "E823_8FA6_BF53_0001_001B_448B_4C52_B691.",
                                                               "size_gb":  1863.01,
                                                               "model":  "WD_BLACK SN770 2TB",
                                                               "firmware":  "731100WD"
                                                           },
                                                           {
                                                               "media_type":  "Fixed hard disk media",
                                                               "interface":  "IDE",
                                                               "serial":  "            WN92224R",
                                                               "size_gb":  931.51,
                                                               "model":  "ST1000LM049-2GH172",
                                                               "firmware":  "LXM4"
                                                           }
                                                       ]
                                         },
                             "cpu":  {
                                         "l3_cache_kb":  8192,
                                         "stepping":  "1",
                                         "manufacturer":  "AuthenticAMD",
                                         "l2_cache_kb":  3072,
                                         "threads":  12,
                                         "revision":  24577,
                                         "processor_id":  "178BFBFF00860F01",
                                         "cores":  6,
                                         "model":  "AMD Ryzen 5 4600H with Radeon Graphics         ",
                                         "socket":  "FP6",
                                         "family":  107,
                                         "frequency_mhz":  3000
                                     },
                             "windows":  {
                                             "install_date":  "\/Date(1615068174000)\/",
                                             "product_id":  "00325-96665-53079-AAOEM"
                                         },
                             "network":  {
                                             "mac_addresses":  "00:2B:67:4B:00:3E,14:F6:D8:7C:74:8C,14:F6:D8:7C:74:90,0A:00:27:00:00:0D,00:15:5D:BF:A3:37,A6:BF:98:81:7F:CB",
                                             "adapters":  [
                                                              {
                                                                  "manufacturer":  "Realtek",
                                                                  "name":  "Realtek PCIe GbE Family Controller",
                                                                  "mac":  "00:2B:67:4B:00:3E"
                                                              },
                                                              {
                                                                  "manufacturer":  "Intel Corporation",
                                                                  "name":  "Intel(R) Wi-Fi 6 AX200 160MHz",
                                                                  "mac":  "14:F6:D8:7C:74:8C"
                                                              },
                                                              {
                                                                  "manufacturer":  "Microsoft",
                                                                  "name":  "Bluetooth Device (Personal Area Network)",
                                                                  "mac":  "14:F6:D8:7C:74:90"
                                                              },
                                                              {
                                                                  "manufacturer":  "Oracle Corporation",
                                                                  "name":  "VirtualBox Host-Only Ethernet Adapter",
                                                                  "mac":  "0A:00:27:00:00:0D"
                                                              },
                                                              {
                                                                  "manufacturer":  "Microsoft",
                                                                  "name":  "Hyper-V Virtual Ethernet Adapter",
                                                                  "mac":  "00:15:5D:BF:A3:37"
                                                              },
                                                              {
                                                                  "manufacturer":  "ZeroTier",
                                                                  "name":  "ZeroTier Virtual Port #2",
                                                                  "mac":  "A6:BF:98:81:7F:CB"
                                                              }
                                                          ],
                                             "adapter_count":  6
                                         }
                         },
    "entropy_sources":  [
                            "system_info",
                            "cpu_identification",
                            "memory_configuration",
                            "disk_serial",
                            "mac_addresses",
                            "motherboard_serial",
                            "bios_serial",
                            "system_uuid",
                            "gpu_identification",
                            "tpm",
                            "timing_entropy",
                            "windows_product"
                        ]
}
