{
  "rustchain_entropy": {
    "version": 1,
    "platform": "linux",
    "collector": "entropy_collector_linux.py",
    "timestamp": "2025-11-28T18:57:31Z"
  },
  "proof_of_antiquity": {
    "philosophy": "Every vintage computer has historical potential",
    "consensus": "NOT Proof of Work - This is PROOF OF ANTIQUITY",
    "hardware_verified": true,
    "tier": "modern",
    "multiplier": 1.0
  },
  "entropy_proof": {
    "sha256_hash": "a3fd6913b0930f6ba34020d97ca3506b8895f2d2bbbd669b18799544540f21e4",
    "deep_fingerprint": "18edecf18a52e516a61c2ae8640825d2e13fe02eabff514f3b07e7d1e245d172",
    "signature": "LINUX-X86_64-ENTROPY-18edecf18a52e516-1764356251-D10",
    "entropy_sources": 10,
    "sources": [
      "cpu_identification",
      "cpu_microcode",
      "memory_configuration",
      "disk_serial",
      "mac_addresses",
      "motherboard_serial",
      "system_uuid",
      "gpu_identification",
      "timing_entropy",
      "thermal_sensors",
      "kernel_random",
      "machine_id"
    ]
  },
  "hardware_profile": {
    "hostname": "scott-Victus-by-HP-Gaming-Laptop-15-fb2xxx",
    "kernel": "6.17.0-6-generic",
    "os": "PRETTY_NAME=\"Ubuntu 25.10\"",
    "architecture": "x86_64",
    "cpu": {
      "model": "AMD Ryzen 5 8645HS w/ Radeon 760M Graphics",
      "vendor": "AuthenticAMD",
      "family": "25",
      "stepping": "2",
      "cores": 12,
      "threads": 12,
      "frequency_mhz": 3713.002,
      "microcode": "0xa705208"
    },
    "cache": {
      "l1d_kb": 32,
      "l1i_kb": 32,
      "l2_kb": 1024,
      "l3_kb": 16384
    },
    "memory": {
      "total_mb": 30830,
      "type": "Unknown",
      "swap_mb": 12287
    },
    "storage": {
      "model": "WD_BLACK SN770 2TB",
      "serial": "25143A801577",
      "size_gb": 2000.4,
      "wwn": "",
      "root_uuid": "e0b932c6-fb8c-425b-a9f8-50c48e995bf4"
    },
    "network": {
      "mac_addresses": [
        "28:c5:c8:45:a0:95",
        "94:bb:43:df:27:60"
      ]
    },
    "motherboard": {
      "vendor": "HP",
      "name": "8C2F",
      "serial": ""
    },
    "bios": {
      "vendor": "AMI",
      "version": "F.03",
      "date": "05/20/2024"
    },
    "system": {
      "uuid": "",
      "product": "Victus by HP Gaming Laptop 15-fb2xxx",
      "machine_id": "ce317b111c4d4d7299dce5fab112589e"
    },
    "gpu": {
      "model": "NVIDIA Corporation AD107M [GeForce RTX 4050 Max-Q / Mobile] (rev a1)",
      "driver": ""
    },
    "thermal": {
      "acpitz": 20.0,
      "spd5118_temp1_input": 46.75,
      "k10temp_temp1_input": 68.0,
      "amdgpu_temp1_input": 47.0,
      "nvme_temp3_input": 41.85,
      "nvme_temp1_input": 41.85,
      "nvme_temp2_input": 50.85,
      "acpitz_temp1_input": 71.0,
      "acpitz_temp2_input": 20.0
    }
  }
}