{
  "rustchain_entropy": {
    "version": 1,
    "platform": "macos_intel",
    "collector": "entropy_collector_macos_intel.c",
    "timestamp": "2025-11-28T19:34:44Z"
  },
  "proof_of_antiquity": {
    "philosophy": "Every vintage computer has historical potential",
    "consensus": "NOT Proof of Work - This is PROOF OF ANTIQUITY",
    "hardware_verified": true,
    "tier": "retro",
    "multiplier": 1.5
  },
  "entropy_proof": {
    "sha256_hash": "54aff70ab9e63cd51a368f3f6068a61d1e9cadc2e3174934f881ed5f74d9d38d",
    "deep_fingerprint": "e7aea7f39c3b1a6b84e754be17c090c69ed063b07ecc82ab3de163b6b6c3982e31824e3466a8d52ca5cc191ead39a58a4bb06528799ea38e39657ed67daa751f",
    "signature": "MACINTEL-e7aea7f39c3b1a6b-1661123584465375-D10",
    "entropy_sources": 10,
    "sources": [
      "timing_entropy",
      "memory_access_patterns",
      "cpu_identification",
      "system_serial",
      "hardware_uuid",
      "gpu_identification",
      "storage_serial",
      "mac_addresses",
      "memory_configuration",
      "os_fingerprint"
    ]
  },
  "hardware_profile": {
    "hostname": "Sophimacs-Mac-mini.local",
    "serial_number": "MYX63YF4VX",
    "hardware_uuid": "544DF0D9-D43D-5EED-8CFB-D660B69EAFD5",
    "model_identifier": "Mac14,3",
    "boot_rom": "",
    "smc_version": "",
    "cpu": {
      "model": "Apple M2",
      "vendor": "",
      "frequency_mhz": 0,
      "cores": 8,
      "threads": 8,
      "l1_cache_kb": 0,
      "l2_cache_kb": 0,
      "l3_cache_kb": 0
    },
    "memory": {
      "total_mb": 24576,
      "type": "LPDDR5"
    },
    "gpu": {
      "model": "Apple M2",
      "vendor": "Apple (0x106b)",
      "vram_mb": 0,
      "device_id": ""
    },
    "storage": {
      "model": "APPLE SSD AP0256Z",
      "serial": "0ba0206324886417",
      "size_gb": 251.00,
      "interface": ""
    },
    "network": {
      "mac_addresses": "5e:6d:77:5e:e9:e0,5e:6d:77:5e:e9:e1,5c:1b:f4:97:9c:9f,autoselect,5e:6d:77:5e:e9:c0"
    },
    "os": {
      "version": "macOS 15.6",
      "darwin": "24.6.0"
    },
    "thermal": {
      "sensor_count": 0
    }
  }
}
