{
  "rustchain_entropy": {
    "version": 1,
    "platform": "linux",
    "collector": "entropy_collector_linux.py",
    "timestamp": "2025-11-28T19:03:53Z"
  },
  "proof_of_antiquity": {
    "philosophy": "Every vintage computer has historical potential",
    "consensus": "NOT Proof of Work - This is PROOF OF ANTIQUITY",
    "hardware_verified": true,
    "tier": "modern",
    "multiplier": 1.0
  },
  "entropy_proof": {
    "sha256_hash": "9bf72ce5c8a4519d1ac502dd3c7e6b16510cb5855695c38a0cff168c7f24a3f4",
    "deep_fingerprint": "03d009e4285d2b88e30c5218f1bb258821df67a8a2533b9ac7ebd6bfbd33cb3e",
    "signature": "LINUX-X86_64-ENTROPY-03d009e4285d2b88-1764356633-D10",
    "entropy_sources": 10,
    "sources": [
      "cpu_identification",
      "cpu_microcode",
      "memory_configuration",
      "disk_serial",
      "mac_addresses",
      "motherboard_serial",
      "system_uuid",
      "gpu_identification",
      "timing_entropy",
      "thermal_sensors",
      "kernel_random",
      "machine_id"
    ]
  },
  "hardware_profile": {
    "hostname": "sophiacore-A620I-AX",
    "kernel": "6.11.0-26-generic",
    "os": "PRETTY_NAME=\"Ubuntu 24.04.2 LTS\"",
    "architecture": "x86_64",
    "cpu": {
      "model": "AMD Ryzen 5 8500G w/ Radeon 740M Graphics",
      "vendor": "AuthenticAMD",
      "family": "25",
      "stepping": "0",
      "cores": 12,
      "threads": 12,
      "frequency_mhz": 400.0,
      "microcode": "0xa70800a"
    },
    "cache": {
      "l1d_kb": 32,
      "l1i_kb": 32,
      "l2_kb": 1024,
      "l3_kb": 16384
    },
    "memory": {
      "total_mb": 61941,
      "type": "Unknown",
      "swap_mb": 315391
    },
    "storage": {
      "model": "WD Blue SN580 1TB",
      "serial": "24052Q802858",
      "size_gb": 1000.2,
      "wwn": "",
      "root_uuid": "6aea9796-18be-4ddf-8e29-3453b51d90b4"
    },
    "network": {
      "mac_addresses": [
        "60:cf:84:74:99:ad",
        "28:d0:43:51:d7:04",
        "24:8a:07:c1:b0:50",
        "24:8a:07:c1:b0:51"
      ]
    },
    "motherboard": {
      "vendor": "ASUSTeK COMPUTER INC.",
      "name": "PRIME B650M-A AX II",
      "serial": ""
    },
    "bios": {
      "vendor": "American Megatrends Inc.",
      "version": "3222",
      "date": "03/05/2025"
    },
    "system": {
      "uuid": "",
      "product": "System Product Name",
      "machine_id": "743c9cb5854d401bba8efaed1a261b54"
    },
    "gpu": {
      "model": "NVIDIA Corporation GV100GL [Tesla V100 SXM2 32GB] (rev a1)",
      "driver": "nvidia"
    },
    "thermal": {
      "amdgpu_temp1_input": 68.0,
      "spd5118_temp1_input": 26.75,
      "k10temp_temp1_input": 75.0,
      "nvme_temp3_input": 25.85,
      "nvme_temp1_input": 25.85,
      "nvme_temp2_input": 38.85
    }
  }
}