{
  "quantum_resistant_entropy": {
    "type": "altivec_collapse",
    "signature": "ALTIVEC-QRES-51d837c2-5807-P512-D8",
    "permutation_count": 512,
    "collapse_depth": 8,
    "collapsed_512bit": "51d837c2c8323c0d2014a95adb6fc5e0c2604ae41218fb9e69a07a47ef27aac544d836c2c8333c0d2b14a85bdb6ec4e0c7604ae41218fb9e6ba07a47ef27aac5",
    "timing_samples": [20, 0, 1, 0, 0, 1, 0, 0, 1, 0, 1, 1, 0, 1, 1, 0]
  },
  "hardware": {
    "cpu": "PowerMac3,6",
    "architecture": "PowerPC G4 (7455)",
    "altivec": true,
    "ip": "192.168.0.125",
    "hostname": "Lee-Crockers-Powermac-G4.local"
  },
  "security": {
    "classical_bits": 512,
    "quantum_bits": 256,
    "physical_dependency": true,
    "altivec_vperm": true
  },
  "philosophy": "1 CPU = 1 Vote - Physical proof, not mathematical",
  "grok_was_wrong": true
}
